site_year,year,exp_plot_number,block,plot,N_level,N_level_kgha,biomass_plus_bag_g,paper_bag_g,ring_size,num_of_paper_bags,sample_weight_mg,sample_N_ug,NDVI_1,NDVI_2,NDVI_3,NDVI_4
Arbuckle-15,2015,101,1,1,125,125,414.00,45.0,0.5,1.0,4.842,117.07373228,0.77,n/a,n/a,n/a
Arbuckle-15,2015,102,1,2,225,225,472.00,45.0,0.5,1.0,5.122,153.40328537,0.82,n/a,n/a,n/a
Arbuckle-15,2015,103,1,3,0,0,281.00,45.0,0.5,1.0,4.782,64.94293306,0.56,n/a,n/a,n/a
Arbuckle-15,2015,104,1,4,75,75,386.00,45.0,0.5,1.0,5.149,92.86128089,0.72,n/a,n/a,n/a
Arbuckle-15,2015,105,1,5,175,175,455.00,45.0,0.5,1.0,4.928,116.01489494,0.79,n/a,n/a,n/a
Arbuckle-15,2015,201,2,6,0,0,304.00,45.0,0.5,1.0,4.791,70.94088017,0.70,n/a,n/a,n/a
Arbuckle-15,2015,202,2,7,175,175,402.00,45.0,0.5,1.0,4.991,116.01489494,0.81,n/a,n/a,n/a
Arbuckle-15,2015,203,2,8,125,125,322.00,45.0,0.5,1.0,5.1,97.62158939,0.82,n/a,n/a,n/a
Arbuckle-15,2015,204,2,9,225,225,418.00,45.0,0.5,1.0,5.068,143.16820549,0.82,n/a,n/a,n/a
Arbuckle-15,2015,205,2,10,75,75,336.00,45.0,0.5,1.0,5.223,93.07814505,0.73,n/a,n/a,n/a
Arbuckle-15,2015,301,3,11,225,225,411.00,45.0,0.5,1.0,4.892,149.32315349,0.80,n/a,n/a,n/a
Arbuckle-15,2015,302,3,12,125,125,392.00,45.0,0.5,1.0,5.165,111.23579245,0.79,n/a,n/a,n/a
Arbuckle-15,2015,303,3,13,175,175,387.00,45.0,0.5,1.0,4.747,119.18793194,0.81,n/a,n/a,n/a
Arbuckle-15,2015,304,3,14,75,75,326.00,45.0,0.5,1.0,4.908,100.85439671,0.72,n/a,n/a,n/a
Arbuckle-15,2015,305,3,15,0,0,238.00,45.0,0.5,1.0,5.003,73.81673391,0.52,n/a,n/a,n/a
Arbuckle-15,2015,401,4,16,75,75,354.00,45.0,0.5,1.0,5.257,100.20866925,0.75,n/a,n/a,n/a
Arbuckle-15,2015,402,4,17,0,0,215.00,45.0,0.5,1.0,4.806,69.05628054,0.53,n/a,n/a,n/a
Arbuckle-15,2015,403,4,18,225,225,422.00,45.0,0.5,1.0,4.793,128.64449262,0.80,n/a,n/a,n/a
Arbuckle-15,2015,404,4,19,175,175,334.00,45.0,0.5,1.0,5.138,108.99751734,0.78,n/a,n/a,n/a
Arbuckle-15,2015,405,4,20,125,125,365.00,45.0,0.5,1.0,5.207,116.01489494,0.77,n/a,n/a,n/a
RES-15,2015,101,5,21,0,0,221.0,45.0,0.5,1.0,5.194,61.59614515,0.59,n/a,n/a,n/a
RES-15,2015,102,5,22,75,75,251.0,45.0,0.5,1.0,4.924,86.55206510,0.69,n/a,n/a,n/a
RES-15,2015,103,5,23,225,225,347.0,45.0,0.5,1.0,4.87,166.53571748,0.84,n/a,n/a,n/a
RES-15,2015,104,5,24,125,125,296.0,45.0,0.5,1.0,5.24,94.37835702,0.83,n/a,n/a,n/a
RES-15,2015,105,5,25,175,175,301.0,45.0,0.5,1.0,5.06,155.43640128,0.84,n/a,n/a,n/a
RES-15,2015,201,6,26,75,75,287.0,45.0,0.5,1.0,5.241,100.10100746,0.76,n/a,n/a,n/a
RES-15,2015,202,6,27,125,125,296.0,45.0,0.5,1.0,5.46,130.73320882,0.81,n/a,n/a,n/a
RES-15,2015,203,6,28,175,175,345.0,45.0,0.5,1.0,4.853,150.34492397,0.83,n/a,n/a,n/a
RES-15,2015,204,6,29,225,225,354.0,45.0,0.5,1.0,5.101,190.26590483,0.84,n/a,n/a,n/a
RES-15,2015,205,6,30,0,0,239.0,45.0,0.5,1.0,4.916,72.60098219,0.67,n/a,n/a,n/a
RES-15,2015,301,7,31,125,125,332.0,45.0,0.5,1.0,4.871,112.83143288,0.80,n/a,n/a,n/a
RES-15,2015,302,7,32,175,175,372.0,45.0,0.5,1.0,4.794,132.81729166,0.82,n/a,n/a,n/a
RES-15,2015,303,7,33,0,0,236.0,45.0,0.5,1.0,5.248,72.49038980,0.56,n/a,n/a,n/a
RES-15,2015,304,7,34,75,75,284.0,45.0,0.5,1.0,4.945,100.31631945,0.73,n/a,n/a,n/a
RES-15,2015,305,7,35,225,225,338.0,45.0,0.5,1.0,5.342,166.53571748,0.82,n/a,n/a,n/a
RES-15,2015,401,8,36,225,225,315.0,45.0,0.5,1.0,5.368,182.42997611,0.83,n/a,n/a,n/a
RES-15,2015,402,8,37,175,175,302.0,45.0,0.5,1.0,5.354,153.40328537,0.82,n/a,n/a,n/a
RES-15,2015,403,8,38,75,75,331.0,45.0,0.5,1.0,5.354,100.20866925,0.77,n/a,n/a,n/a
RES-15,2015,404,8,39,0,0,236.0,45.0,0.5,1.0,5.306,75.36202718,0.72,n/a,n/a,n/a
RES-15,2015,405,8,40,125,125,301.0,45.0,0.5,1.0,5.157,136.97155726,0.81,n/a,n/a,n/a
Davis-16,2016,101,13,61,75,75,166.1,45.5,0.5,1.0,2.717,53.29990,0.66,0.65,0.64,n/a
Davis-16,2016,102,13,62,225,225,206.0,45.5,0.5,1.0,2.924,92.76540,0.71,0.70,0.72,n/a
Davis-16,2016,103,13,63,0,0,124.3,45.5,0.5,1.0,3.229,48.54785,0.54,0.55,0.58,n/a
Davis-16,2016,104,13,64,125,125,173.1,45.5,0.5,1.0,3.493,67.37167,0.62,0.62,0.63,n/a
Davis-16,2016,105,13,65,175,175,213.4,45.5,0.5,1.0,3.063,73.45179,0.64,0.65,0.65,n/a
Davis-16,2016,201,14,66,75,75,190.8,45.5,0.5,1.0,3.058,64.86438,0.67,0.67,0.66,n/a
Davis-16,2016,202,14,67,0,0,124.0,45.5,0.5,1.0,2.677,41.77288,0.64,0.64,0.65,n/a
Davis-16,2016,203,14,68,225,225,231.2,45.5,0.5,1.0,3.331,102.84377,0.71,0.72,0.71,n/a
Davis-16,2016,204,14,69,175,175,191.4,45.5,0.5,1.0,3.145,88.02575,0.71,0.70,0.68,n/a
Davis-16,2016,205,14,70,125,125,152.1,45.5,0.5,1.0,2.993,55.36533,0.65,0.65,0.67,n/a
Davis-16,2016,301,15,71,0,0,124.4,45.5,0.5,1.0,2.878,42.05932,0.63,0.65,0.65,n/a
Davis-16,2016,302,15,72,175,175,220.5,45.5,0.5,1.0,3.224,86.30298,0.69,0.69,0.69,n/a
Davis-16,2016,303,15,73,125,125,190.7,45.5,0.5,1.0,2.834,48.15475,0.68,0.67,0.67,n/a
Davis-16,2016,304,15,74,75,75,160.5,45.5,0.5,1.0,3.027,53.16786,0.67,0.67,0.66,n/a
Davis-16,2016,305,15,75,225,225,192.1,45.5,0.5,1.0,3.120,64.17796,0.69,0.69,0.69,n/a
Davis-16,2016,401,16,76,75,75,186.0,45.5,0.5,1.0,2.876,59.43337,0.63,0.63,0.64,n/a
Davis-16,2016,402,16,77,125,125,206.4,45.5,0.5,1.0,3.493,72.75485,0.69,0.69,0.68,n/a
Davis-16,2016,403,16,78,175,175,184.2,45.5,0.5,1.0,3.124,89.42034,0.72,0.73,0.72,n/a
Davis-16,2016,404,16,79,0,0,112.1,45.5,0.5,1.0,3.384,51.56300,0.66,0.65,0.65,n/a
Davis-16,2016,405,16,80,225,225,169.9,45.5,0.5,1.0,2.830,69.87497,0.70,0.71,0.71,n/a
RES-16,2016,101,9,41,225,225,293.5,45.5,0.5,1.0,3.01,116.88317007,0.70,0.74,0.72,n/a
RES-16,2016,102,9,42,0,0,146.0,45.5,0.5,1.0,3.21,62.81003898,0.27,0.33,0.47,n/a
RES-16,2016,103,9,43,175,175,277.9,45.5,0.5,1.0,3.241,119.99855852,0.72,0.72,0.74,n/a
RES-16,2016,104,9,44,125,125,265.9,45.5,0.5,1.0,3.309,94.66236501,0.69,0.64,0.65,n/a
RES-16,2016,105,9,45,75,75,229.5,45.5,0.5,1.0,3.032,80.88320695,0.61,0.63,0.66,n/a
RES-16,2016,201,10,46,125,125,219.3,45.5,0.5,1.0,3.3,92.87709032,0.65,0.68,0.70,n/a
RES-16,2016,202,10,47,75,75,200.4,45.5,0.5,1.0,3.078,62.59329625,0.55,0.57,0.58,n/a
RES-16,2016,203,10,48,175,175,277.7,45.5,0.5,1.0,2.813,79.94101217,0.71,0.71,0.74,n/a
RES-16,2016,204,10,49,225,225,282.9,45.5,0.5,1.0,3.222,105.34974526,0.73,0.71,0.73,n/a
RES-16,2016,205,10,50,0,0,132.4,45.5,0.5,1.0,3.345,61.81865336,0.36,0.35,0.38,n/a
RES-16,2016,301,11,51,175,175,245.9,45.5,0.5,1.0,3.032,108.84135780,0.72,0.73,0.72,n/a
RES-16,2016,302,11,52,225,225,202.5,45.5,0.5,1.0,2.983,112.91618671,0.73,0.74,0.73,n/a
RES-16,2016,303,11,53,125,125,211.9,45.5,0.5,1.0,2.603,83.95168401,0.71,0.69,0.73,n/a
RES-16,2016,304,11,54,0,0,134.6,45.5,0.5,1.0,3.047,58.94525868,0.50,0.48,0.47,n/a
RES-16,2016,305,11,55,75,75,207.8,45.5,0.5,1.0,2.935,69.05675409,0.68,0.68,0.61,n/a
RES-16,2016,401,12,56,0,0,118.8,45.5,0.5,1.0,3.523,74.15274117,0.46,0.49,0.50,n/a
RES-16,2016,402,12,57,75,75,184.0,45.5,0.5,1.0,2.802,63.49138180,0.62,0.66,0.68,n/a
RES-16,2016,403,12,58,225,225,236.7,45.5,0.5,1.0,2.86,106.03103124,0.74,0.76,0.74,n/a
RES-16,2016,404,12,59,175,175,233.2,45.5,0.5,1.0,3.37,104.49376341,0.70,0.69,0.69,n/a
RES-16,2016,405,12,60,125,125,237.3,45.5,0.5,1.0,2.912,93.80669039,0.73,0.74,0.73,n/a
Nicolaus-17,2017,101,21,109,225,225,361.3,45.5,0.5,1.0,3.168,79.38862514,0.77,0.77,0.79,n/a
Nicolaus-17,2017,102,21,110,0,0,264.3,45.5,0.5,1.0,3.425,61.05983440,0.50,0.52,0.46,n/a
Nicolaus-17,2017,103,21,111,125,125,318.3,45.5,0.5,1.0,3.092,80.67835796,0.67,0.67,0.71,n/a
Nicolaus-17,2017,104,21,112,175,175,360.3,45.5,0.5,1.0,3.072,95.89627055,0.79,0.78,0.79,n/a
Nicolaus-17,2017,105,21,113,275,275,393.5,45.5,0.5,1.0,3.345,111.34592299,0.80,0.79,0.73,n/a
Nicolaus-17,2017,106,21,114,45,45,284.6,45.5,0.5,1.0,3.202,63.60481576,0.68,0.69,0.68,n/a
Nicolaus-17,2017,107,21,115,75,75,289.8,45.5,0.5,1.0,3.248,62.68908226,0.63,0.56,0.53,n/a
Nicolaus-17,2017,201,22,116,275,275,364.0,45.5,0.5,1.0,3.201,105.86882911,0.78,0.77,0.77,n/a
Nicolaus-17,2017,202,22,117,75,75,275.1,45.5,0.5,1.0,3.184,70.10665920,0.66,0.65,0.63,n/a
Nicolaus-17,2017,203,22,118,125,125,284.3,45.5,0.5,1.0,3.14,77.91064182,0.68,0.68,0.64,n/a
Nicolaus-17,2017,204,22,119,0,0,262.3,45.5,0.5,1.0,3.209,57.29997900,0.54,0.50,0.50,n/a
Nicolaus-17,2017,205,22,120,175,175,362.7,45.5,0.5,1.0,3.305,102.02314134,0.77,0.75,0.77,n/a
Nicolaus-17,2017,206,22,121,45,45,296.3,45.5,0.5,1.0,3.226,74.29007250,0.63,0.66,0.68,n/a
Nicolaus-17,2017,207,22,122,225,225,375.2,45.5,0.5,1.0,3.374,109.48704323,0.78,0.79,0.78,n/a
Nicolaus-17,2017,301,23,123,275,275,345.6,45.5,0.5,1.0,3.034,106.06697243,0.76,0.74,0.74,n/a
Nicolaus-17,2017,302,23,124,125,125,314.0,45.5,0.5,1.0,3.255,87.71966691,0.65,0.68,0.66,n/a
Nicolaus-17,2017,303,23,125,45,45,284.8,45.5,0.5,1.0,3.375,69.93567227,0.57,0.62,0.65,n/a
Nicolaus-17,2017,304,23,126,175,175,339.0,45.5,0.5,1.0,3.127,92.69552118,0.72,0.75,0.75,n/a
Nicolaus-17,2017,305,23,127,225,225,354.9,45.5,0.5,1.0,3.267,118.01104507,0.79,0.79,0.79,n/a
Nicolaus-17,2017,306,23,128,0,0,280.2,45.5,0.5,1.0,3.394,59.47831724,0.49,0.54,0.50,n/a
Nicolaus-17,2017,307,23,129,75,75,316.0,45.5,0.5,1.0,3.44,79.94340795,0.66,0.68,0.72,n/a
Nicolaus-17,2017,401,24,130,45,45,291.5,45.5,0.5,1.0,3.134,66.67318719,0.65,0.60,0.63,n/a
Nicolaus-17,2017,402,24,131,125,125,337.0,45.5,0.5,1.0,3.364,87.88198043,0.65,0.74,0.63,n/a
Nicolaus-17,2017,403,24,132,225,225,416.8,45.5,0.5,1.0,3.181,102.89552731,0.80,0.79,0.79,n/a
Nicolaus-17,2017,404,24,133,175,175,316.2,45.5,0.5,1.0,3.134,70.74982929,0.68,0.70,0.74,n/a
Nicolaus-17,2017,405,24,134,0,0,244.0,45.5,0.5,1.0,3.107,48.29330221,0.52,0.49,0.54,n/a
Nicolaus-17,2017,406,24,135,75,75,312.4,45.5,0.5,1.0,3.12,79.19202175,0.72,0.69,0.74,n/a
Nicolaus-17,2017,407,24,136,275,275,411.9,45.5,0.5,1.0,3.44,107.66669726,0.81,0.80,0.79,n/a
Williams-17,2017,101,17,81,225,225,317.0,41.6,0.5,1.0,3.105,88.16269429,0.79,0.75,0.81,n/a
Williams-17,2017,102,17,82,0,0,224.1,41.6,0.5,1.0,3.442,46.48371070,0.43,0.31,0.33,n/a
Williams-17,2017,103,17,83,125,125,276.1,41.6,0.5,1.0,3.47,69.92981232,0.63,0.72,0.65,n/a
Williams-17,2017,104,17,84,175,175,338.4,41.6,0.5,1.0,3.398,94.75927768,0.81,0.79,0.80,n/a
Williams-17,2017,105,17,85,275,275,292.5,41.6,0.5,1.0,3.082,90.17663128,0.79,0.81,0.77,n/a
Williams-17,2017,106,17,86,45,45,306.6,41.6,0.5,1.0,3.126,57.21407720,0.69,0.73,0.73,n/a
Williams-17,2017,107,17,87,75,75,310.5,41.6,0.5,1.0,3.033,50.10673931,0.64,0.73,0.65,n/a
Williams-17,2017,201,18,88,275,275,338.1,41.6,0.5,1.0,3.149,91.87784721,0.81,0.81,0.80,n/a
Williams-17,2017,202,18,89,75,75,317.4,41.6,0.5,1.0,3.237,68.27309755,0.77,0.76,0.77,n/a
Williams-17,2017,203,18,90,125,125,290.8,41.6,0.5,1.0,3.209,78.02888824,0.74,0.78,0.77,n/a
Williams-17,2017,204,18,91,0,0,248.5,41.6,0.5,1.0,3.092,41.39838487,0.41,0.48,0.46,n/a
Williams-17,2017,205,18,92,175,175,366.0,41.6,0.5,1.0,3.099,78.47164210,0.81,0.81,0.81,n/a
Williams-17,2017,206,18,93,45,45,388.5,41.6,0.5,1.0,3.328,53.62169743,0.67,0.70,0.74,n/a
Williams-17,2017,207,18,94,225,225,405.1,41.6,0.5,1.0,3.439,90.77598210,0.82,0.81,0.82,n/a
Williams-17,2017,301,19,95,275,275,395.2,41.6,0.5,1.0,3.376,92.75571222,0.83,0.82,0.82,n/a
Williams-17,2017,302,19,96,125,125,390.0,41.6,0.5,1.0,3.296,80.93302351,0.80,0.80,0.78,n/a
Williams-17,2017,303,19,97,45,45,297.0,41.6,0.5,1.0,3.145,47.57701633,0.71,0.67,0.71,n/a
Williams-17,2017,304,19,98,175,175,317.8,41.6,0.5,1.0,3.407,88.18773490,0.79,0.76,0.77,n/a
Williams-17,2017,305,19,99,225,225,346.5,41.6,0.5,1.0,3.082,88.70038408,0.75,0.79,0.78,n/a
Williams-17,2017,306,19,100,0,0,237.2,41.6,0.5,1.0,3.045,41.93712111,0.40,0.44,0.45,n/a
Williams-17,2017,307,19,101,75,75,319.6,41.6,0.5,1.0,3.332,65.29106559,0.66,0.71,0.65,n/a
Williams-17,2017,401,20,102,45,45,251.3,41.6,0.5,1.0,3.181,55.83259903,0.72,0.65,0.71,n/a
Williams-17,2017,402,20,103,125,125,325.2,41.6,0.5,1.0,3.425,68.77998360,0.74,0.76,0.75,n/a
Williams-17,2017,403,20,104,225,225,358.0,41.6,0.5,1.0,3.37,103.13999886,0.80,0.79,0.80,n/a
Williams-17,2017,404,20,105,175,175,366.2,41.6,0.5,1.0,3.4,89.48206217,0.80,0.81,0.80,n/a
Williams-17,2017,405,20,106,0,0,178.6,41.6,0.5,1.0,3.294,40.64470555,0.36,0.36,0.43,n/a
Williams-17,2017,406,20,107,75,75,315.6,41.6,0.5,1.0,3.379,56.14530364,0.62,0.69,0.71,n/a
Williams-17,2017,407,20,108,275,275,307.0,41.6,0.5,1.0,3.278,95.90919381,0.79,0.79,0.81,n/a
Arbuckle-18,2018,101,29,161,180,202,216.4,41.8,0.5,1.0,3.823,98.89288582,0.75,0.68,0.74,0.75
Arbuckle-18,2018,102,29,162,210,235,208.8,41.8,0.5,1.0,3.79,107.47838948,0.73,0.75,0.72,0.67
Arbuckle-18,2018,103,29,163,120,135,199.8,41.8,0.5,1.0,3.846,71.52525731,0.63,0.60,0.68,0.66
Arbuckle-18,2018,104,29,164,0,0,86.0,41.8,0.5,1.0,3.422,78.92137682,n/a,0.23,0.17,0.28
Arbuckle-18,2018,105,29,165,150,168,228.9,41.8,0.5,1.0,3.612,48.89883454,0.73,0.71,0.71,0.70
Arbuckle-18,2018,106,29,166,150,168,262.8,41.8,0.5,1.0,3.392,77.21352859,0.72,0.71,0.68,0.73
Arbuckle-18,2018,201,30,167,210,235,272.5,41.8,0.5,1.0,3.564,100.03670841,0.75,0.73,0.75,0.74
Arbuckle-18,2018,202,30,168,90,101,188.8,41.8,0.5,1.0,3.451,59.60270345,0.64,0.65,0.59,0.55
Arbuckle-18,2018,203,30,169,0,0,83.3,41.8,0.5,1.0,3.174,42.51112714,n/a,0.15,0.14,0.15
Arbuckle-18,2018,204,30,170,180,202,205.5,41.8,0.5,1.0,3.682,95.46310032,0.72,0.76,0.75,0.72
Arbuckle-18,2018,205,30,171,120,135,483.9,41.8,1.0,2.0,3.679,73.79972469,0.70,0.72,0.66,0.66
Arbuckle-18,2018,206,30,172,90,101,176.8,41.8,0.5,1.0,3.475,65.27625484,0.60,0.60,0.57,0.64
Arbuckle-18,2018,301,31,173,210,235,244.3,41.8,0.5,1.0,3.689,111.49035514,0.74,0.73,0.74,0.76
Arbuckle-18,2018,302,31,174,0,0,78.3,41.8,0.5,1.0,3.581,47.37175437,n/a,0.19,0.20,0.22
Arbuckle-18,2018,303,31,175,150,168,254.9,41.8,0.5,1.0,3.034,70.38844419,0.66,0.70,0.65,0.69
Arbuckle-18,2018,304,31,176,90,101,214.6,41.8,0.5,1.0,3.895,70.95681570,0.55,0.65,0.60,0.60
Arbuckle-18,2018,305,31,177,180,202,267.9,41.8,0.5,1.0,3.588,92.03583824,0.71,0.73,0.72,0.73
Arbuckle-18,2018,306,31,178,120,135,247.2,41.8,0.5,2.0,3.746,78.92137682,0.60,0.63,0.68,0.67
Arbuckle-18,2018,401,32,179,90,101,193.8,41.8,0.5,1.0,3.327,59.03573383,0.60,0.62,0.61,0.61
Arbuckle-18,2018,402,32,180,210,235,257.0,41.8,0.5,1.0,3.189,93.74915385,0.76,0.76,0.74,0.75
Arbuckle-18,2018,403,32,181,0,0,97.5,41.8,0.5,1.0,3.41,41.32501731,n/a,0.20,0.29,0.23
Arbuckle-18,2018,404,32,182,180,202,254.6,41.8,0.5,1.0,3.465,93.74915385,0.74,0.74,0.76,0.75
Arbuckle-18,2018,405,32,183,150,168,230.9,41.8,0.5,1.0,3.017,65.84399550,0.70,0.70,0.73,0.69
Arbuckle-18,2018,406,32,184,120,135,209.2,41.8,0.5,1.0,3.698,69.82014277,0.65,0.69,0.69,0.63
Biggs-18,2018,102,37,209,180,202,311.8,41.8,0.5,1,3.916,92.60687335,0.76,0.71,0.75,0.77
Biggs-18,2018,103,37,210,210,235,355.3,41.8,0.5,2,3.909,96.034556,0.78,0.79,0.77,0.78
Biggs-18,2018,104,37,211,120,135,315.2,41.8,0.5,1,3.447,65.8439955,0.73,0.74,0.72,0.74
Biggs-18,2018,105,37,212,0,0,168.1,41.8,0.5,1,3.424,44.319127,0.34,0.37,0.34,0.40
Biggs-18,2018,106,37,213,150,168,337.4,41.8,0.5,1,3.663,82.90880934,0.78,0.78,0.75,0.75
Biggs-18,2018,201,38,214,150,168,309.2,41.8,0.5,1,3.164,74.36851677,0.77,0.75,0.78,0.77
Biggs-18,2018,202,38,215,210,235,344.5,41.8,0.5,1,3.157,86.32934233,0.79,0.78,0.79,0.79
Biggs-18,2018,203,38,216,90,101,260.3,41.8,0.5,1,3.352,55.91865388,0.69,0.70,0.67,0.69
Biggs-18,2018,204,38,217,0,0,163.5,41.8,0.5,1,3.23,40.19567628,0.49,0.45,0.34,0.38
Biggs-18,2018,205,38,218,180,202,334.1,41.8,0.5,1,3.516,94.32039925,0.79,0.77,0.76,0.78
Biggs-18,2018,206,38,219,120,135,312.9,41.8,0.5,1,3.762,79.49079975,0.76,0.73,0.65,0.74
Biggs-18,2018,301,39,220,210,235,326.1,41.8,0.5,1,3.771,97.74934361,0.78,0.79,0.77,0.77
Biggs-18,2018,302,39,221,0,0,139.9,41.8,0.5,1,3.409,35.39910491,n/a,0.37,0.35,0.44
Biggs-18,2018,303,39,222,150,168,333.3,41.8,0.5,1,3.35,80.06029278,0.78,0.77,0.75,0.73
Biggs-18,2018,304,39,223,90,101,382.9,41.8,0.5,2,3.759,94.89171474,0.78,0.75,0.71,0.75
Biggs-18,2018,305,39,224,180,202,335.4,41.8,0.5,1,3.124,102.8974915,0.80,0.77,0.76,0.79
Biggs-18,2018,306,39,225,120,135,281.4,41.8,0.5,1,3.131,73.2310027,0.77,0.76,0.74,0.77
Biggs-18,2018,401,40,226,90,101,308.2,41.8,0.5,1,3.412,90.32315347,0.71,0.69,0.72,0.71
Biggs-18,2018,402,40,227,210,235,382.4,41.8,0.5,1,3.641,62.43860296,0.81,0.79,0.78,0.79
Biggs-18,2018,403,40,228,0,0,172.7,41.8,0.5,1,3.184,38.38931383,n/a,0.43,0.52,0.57
Biggs-18,2018,404,40,229,180,202,384.9,41.8,0.5,2,3.938,102.3251947,0.78,0.74,0.75,0.75
Biggs-18,2018,405,40,230,150,168,287.9,41.8,0.5,1,3.38,72.66235081,0.75,0.73,0.73,0.71
Biggs-18,2018,406,40,231,120,135,311.3,41.8,0.5,1,3.018,55.46543707,0.72,0.69,0.69,0.70
Marysville-18,2018,101,33,185,90,101,276.8,41.8,0.5,1,3.375,100.0367084,0.68,0.66,0.68,0.69
Marysville-18,2018,102,33,186,180,202,307.3,41.8,0.5,1,3.118,102.8974915,0.77,0.75,0.73,0.75
Marysville-18,2018,103,33,187,210,235,309.6,41.8,0.5,1,3.055,105.760027,0.74,0.75,0.74,0.76
Marysville-18,2018,104,33,188,120,135,326.3,41.8,0.5,2,3.237,91.46487322,0.72,0.70,0.68,0.67
Marysville-18,2018,105,33,189,0,0,193,41.8,0.5,1,3.652,64.14098381,n/a,0.43,0.41,0.51
Marysville-18,2018,106,33,190,150,168,304.9,41.8,0.5,1,3.748,117.801812,0.74,0.75,0.73,0.76
Marysville-18,2018,201,34,191,150,168,294.9,41.8,0.5,1,3.779,118.9502608,0.73,0.71,0.65,0.71
Marysville-18,2018,202,34,192,210,235,285.5,41.8,0.5,1,3.241,117.2276927,0.78,0.70,0.66,0.74
Marysville-18,2018,203,34,193,90,101,270.5,41.8,0.5,1,3.174,102.8974915,0.70,0.68,0.68,0.71
Marysville-18,2018,204,34,194,0,0,199.7,41.8,0.5,1,3.965,69.82014277,n/a,0.49,0.42,0.46
Marysville-18,2018,205,34,195,180,202,298.3,41.8,0.5,1,3.39,112.6372619,0.76,0.73,0.70,0.72
Marysville-18,2018,206,34,196,120,135,287.2,41.8,0.5,1,3.482,110.9170069,0.71,0.58,0.58,0.70
Marysville-18,2018,301,35,197,210,235,293.4,41.8,0.5,1,3.332,112.0637735,0.75,0.72,0.68,0.74
Marysville-18,2018,302,35,198,0,0,235.2,41.8,0.5,1,3.639,58.46883431,n/a,0.37,0.44,0.65
Marysville-18,2018,303,35,199,150,168,314.2,41.8,0.5,1,3.009,102.3251947,0.70,0.72,0.73,0.72
Marysville-18,2018,304,35,200,90,101,321.5,41.8,0.5,2,3.668,119.5245904,0.59,0.66,0.69,0.69
Marysville-18,2018,305,35,201,180,202,289,41.8,0.5,1,3.141,106.3327444,0.67,0.72,0.72,0.69
Marysville-18,2018,306,35,202,120,135,269.3,41.8,0.5,1,3.54,112.6372619,0.65,0.70,0.64,0.69
Marysville-18,2018,401,36,203,90,101,276.2,41.8,0.5,2,3.177,76.64438603,0.71,0.65,0.68,0.67
Marysville-18,2018,402,36,204,210,235,315.4,41.8,0.5,1,3.854,142.5552505,0.73,0.71,0.73,0.72
Marysville-18,2018,403,36,205,0,0,161,41.8,0.5,1,3.47,55.69203986,n/a,0.50,0.45,0.40
Marysville-18,2018,404,36,206,180,202,268.6,41.8,0.5,1,3.349,118.9502608,0.71,0.72,0.68,0.72
Marysville-18,2018,405,36,207,150,168,292.8,41.8,0.5,1,3.733,125.8468418,0.73,0.70,0.68,0.68
Marysville-18,2018,406,36,208,120,135,262.4,41.8,0.5,1,3.785,118.9502608,0.68,0.65,0.64,0.73
Nicolaus-18,2018,101,25,137,90,101,340.1,41.8,0.5,1.0,3.723,82.90880934,0.69,0.70,0.72,0.71
Nicolaus-18,2018,102,25,138,180,202,388.1,41.8,0.5,1.0,3.36,93.74915385,0.75,0.76,0.76,0.77
Nicolaus-18,2018,103,25,139,210,235,366.7,41.8,0.5,1.0,3.563,108.05131714,0.77,0.78,0.76,0.74
Nicolaus-18,2018,104,25,140,120,135,340.5,41.8,0.5,1.0,3.281,80.62985590,0.73,0.74,0.75,0.72
Nicolaus-18,2018,105,25,141,0,0,295.1,41.8,0.5,1.0,3.864,63.00599315,0.60,0.59,0.57,0.62
Nicolaus-18,2018,106,25,142,150,168,376.2,41.8,0.5,1.0,3.661,81.76919243,0.70,0.74,0.74,0.75
Nicolaus-18,2018,201,26,143,150,168,392.5,41.8,0.5,1.0,3.756,94.32039925,0.76,0.75,0.75,0.76
Nicolaus-18,2018,202,26,144,210,235,405.9,41.8,0.5,1.0,3.707,113.78444903,0.78,0.76,0.76,0.77
Nicolaus-18,2018,203,26,145,90,101,336.7,41.8,0.5,1.0,3.929,83.47872293,0.69,0.67,0.71,0.69
Nicolaus-18,2018,204,26,146,0,0,233.9,41.8,0.5,1.0,3.045,39.80047317,0.58,0.61,0.60,0.60
Nicolaus-18,2018,205,26,147,180,202,395.9,41.8,0.5,1.0,3.255,91.46487322,0.77,0.74,0.78,0.76
Nicolaus-18,2018,206,26,148,120,135,368.9,41.8,0.5,1.0,3.599,84.04870662,0.72,0.74,0.73,0.72
Nicolaus-18,2018,301,27,149,210,235,382.1,41.8,0.5,1.0,3.801,109.77052072,0.78,0.77,0.77,0.77
Nicolaus-18,2018,302,27,150,0,0,279.5,41.8,0.5,1.0,3.608,55.40878812,0.58,0.55,0.58,0.62
Nicolaus-18,2018,303,27,151,150,168,378.7,41.8,0.5,1.0,3.602,97.17767764,0.76,0.74,0.72,0.74
Nicolaus-18,2018,304,27,152,90,101,316.7,41.8,0.5,1.0,3.034,59.60270345,0.73,0.72,0.71,0.70
Nicolaus-18,2018,305,27,153,180,202,398.5,41.8,0.5,1.0,3.048,78.92137682,0.77,0.75,0.73,0.75
Nicolaus-18,2018,306,27,154,120,135,305.2,41.8,0.5,1.0,3.043,66.97968711,0.74,0.72,0.73,0.72
Nicolaus-18,2018,401,28,155,90,101,325.5,41.8,0.5,1.0,3.981,76.64438603,0.71,0.74,0.72,0.71
Nicolaus-18,2018,402,28,156,210,235,387.8,41.8,0.5,1.0,3.606,101.18081138,0.74,0.77,0.77,0.75
Nicolaus-18,2018,403,28,157,0,0,203.9,41.8,0.5,1.0,3.771,53.53976610,0.58,0.58,0.60,0.60
Nicolaus-18,2018,404,28,158,180,202,349.2,41.8,0.5,1.0,3.706,98.89288582,0.76,0.76,0.74,0.77
Nicolaus-18,2018,405,28,159,150,168,368.8,41.8,0.5,1.0,3.414,85.75907826,0.75,0.73,0.77,0.76
Nicolaus-18,2018,406,28,160,120,135,350.1,41.8,0.5,1.0,3.093,69.25191145,0.76,0.75,0.76,0.74
Arbuckle-19,2019,101,41,232,180,202,214.5,41.9,0.5,1,3.886,115.20296,0.69,0.69,0.73,0.70
Arbuckle-19,2019,102,41,233,120,135,195.7,41.9,0.5,1,3.741,87.3102315,0.68,0.61,0.64,0.70
Arbuckle-19,2019,103,41,234,90,101,184.9,41.9,0.5,1,3.517,68.45863097,0.58,0.57,0.56,0.64
Arbuckle-19,2019,104,41,235,0,0,97.1,41.9,0.5,1,3.632,46.35906247,0.22,0.15,0.14,0.22
Arbuckle-19,2019,105,41,236,210,235,254,41.9,0.5,1,3.541,108.8207371,0.78,0.74,0.74,0.73
Arbuckle-19,2019,106,41,237,150,168,224.9,41.9,0.5,1,3.891,109.3944695,0.74,0.70,0.73,0.69
Arbuckle-19,2019,201,42,238,0,0,116.6,41.9,0.5,1,3.777,47.2604931,0.29,0.28,0.19,0.30
Arbuckle-19,2019,202,42,239,180,202,197.2,41.9,0.5,1,3.744,112.689592,0.70,0.74,0.69,0.70
Arbuckle-19,2019,203,42,240,120,135,200.5,41.9,0.5,1,3.881,91.2497883,0.57,0.60,0.63,0.64
Arbuckle-19,2019,204,42,241,90,101,194,41.9,0.5,1,3.585,70.75904472,0.60,0.56,0.58,0.57
Arbuckle-19,2019,205,42,242,210,235,224.5,41.9,0.5,1,3.404,113.5370656,0.74,0.72,0.72,0.75
Arbuckle-19,2019,206,42,243,150,168,213.6,41.9,0.5,1,3.599,99.21674722,0.73,0.68,0.68,0.67
Arbuckle-19,2019,301,43,244,120,135,186.4,41.9,0.5,1,3.822,91.60838938,0.67,0.67,0.66,0.65
Arbuckle-19,2019,302,43,245,90,101,183.5,41.9,0.5,1,3.364,60.08078639,0.61,0.57,0.52,0.62
Arbuckle-19,2019,303,43,246,150,168,221.9,41.9,0.5,1,3.553,90.23416784,0.74,0.68,0.69,0.69
Arbuckle-19,2019,304,43,247,0,0,102.3,41.9,0.5,1,3.188,38.87666277,0.20,0.17,0.21,0.28
Arbuckle-19,2019,305,43,248,180,202,216.6,41.9,0.5,1,3.903,127.4585094,0.75,0.69,0.76,0.71
Arbuckle-19,2019,306,43,249,210,235,215.7,41.9,0.5,1,3.43,108.428294,0.76,0.67,0.71,0.74
Arbuckle-19,2019,401,44,250,0,0,111.3,41.9,0.5,1,3.087,39.07920635,0.29,0.30,0.28,0.23
Arbuckle-19,2019,402,44,251,210,235,215.6,41.9,0.5,1,3.236,105.8042578,0.68,0.62,0.72,0.70
Arbuckle-19,2019,403,44,252,150,168,181.4,41.9,0.5,1,3.667,105.3221147,0.67,0.62,0.57,0.60
Arbuckle-19,2019,404,44,253,180,202,197.8,41.9,0.5,1,3.227,101.5901224,0.66,0.67,0.68,0.60
Arbuckle-19,2019,405,44,254,120,135,191.6,41.9,0.5,1,3.494,83.974845,0.64,0.62,0.65,0.60
Arbuckle-19,2019,406,44,255,90,101,181.2,41.9,0.5,1,3.868,89.42808373,0.64,0.60,0.62,0.56
Davis-19,2019,101,45,256,150,168,212.6,41.9,0.5,1,3.028,83.974845,0.67,0.63,0.69,0.68
Davis-19,2019,102,45,257,180,202,190.9,41.9,0.5,1,3.495,98.28632963,0.71,0.67,0.71,0.69
Davis-19,2019,103,45,258,0,0,161.3,41.9,0.5,1,3.357,64.45539322,0.44,0.50,0.47,0.46
Davis-19,2019,104,45,259,210,235,227.7,41.9,0.5,1,3.242,97.86630859,0.63,0.56,0.66,0.62
Davis-19,2019,105,45,260,120,135,147.4,41.9,0.5,1,3.313,88.3240797,0.63,0.58,0.60,0.55
Davis-19,2019,106,45,261,90,101,167,41.9,0.5,1,3.386,71.31989205,0.62,0.49,0.59,0.52
Davis-19,2019,201,46,262,0,0,139.4,41.9,0.5,1,3.407,81.95304408,0.46,0.50,0.53,0.51
Davis-19,2019,202,46,263,90,101,158,41.9,0.5,1,3.547,85.55236593,0.52,0.42,0.59,0.56
Davis-19,2019,203,46,264,150,168,172.1,41.9,0.5,1,3.409,91.90728212,0.62,0.59,0.62,0.56
Davis-19,2019,204,46,265,210,235,190,41.9,0.5,1,3.19,101.2895117,0.64,0.61,0.57,0.59
Davis-19,2019,205,46,266,180,202,143.3,41.9,0.5,1,3.704,117.9931437,0.51,0.52,0.63,0.59
Davis-19,2019,206,46,267,120,135,157,41.9,0.5,1,3.35,91.78771864,0.53,0.58,0.61,0.53
Davis-19,2019,301,47,268,0,0,93.6,41.9,0.5,1,3.436,68.07554329,0.49,0.52,0.51,0.51
Davis-19,2019,302,47,269,150,168,152.8,41.9,0.5,1,3.424,80.14146245,0.54,0.56,0.60,0.33
Davis-19,2019,303,47,270,180,202,170.7,41.9,0.5,1,3.529,100.2077534,0.58,0.57,0.63,0.64
Davis-19,2019,304,47,271,210,235,162.5,41.9,0.5,1,3.388,85.67148475,0.59,0.57,0.64,0.57
Davis-19,2019,305,47,272,120,135,199.3,41.9,0.5,1,3.311,79.54793209,0.61,0.55,0.57,0.51
Davis-19,2019,306,47,273,90,101,148.2,41.9,0.5,1,3.159,59.75829691,0.41,0.43,0.43,0.50
Davis-19,2019,401,48,274,150,168,205.7,41.9,0.5,1,3.179,72.44216275,0.48,0.59,0.60,0.53
Davis-19,2019,402,48,275,0,0,106.2,41.9,0.5,1,3.171,51.71697631,0.35,0.35,0.40,0.44
Davis-19,2019,403,48,276,180,202,181.9,41.9,0.5,1,3.635,81.00245938,0.62,0.65,0.59,0.54
Davis-19,2019,404,48,277,210,235,234.5,41.9,0.5,1,3.679,105.4426377,0.67,0.61,0.64,0.64
Davis-19,2019,405,48,278,90,101,159.3,41.9,0.5,1,3.715,60.8139564,0.35,0.34,0.47,0.36
Davis-19,2019,406,48,279,120,135,180.7,41.9,0.5,1,3.191,67.42744584,0.62,0.52,0.52,0.57
Marysville-19,2019,101,49,280,150,168,317.9,41.9,0.5,1,3.623,71.52656842,0.76,0.75,0.74,0.75
Marysville-19,2019,102,49,281,210,235,295.1,41.9,0.5,1,3.234,81.86390363,0.74,0.75,0.77,0.76
Marysville-19,2019,103,49,282,0,0,204.1,41.9,0.5,1,3.24,37.22834951,0.53,0.51,0.49,0.55
Marysville-19,2019,104,49,283,120,135,268.2,41.9,0.5,1,3.466,65.74948183,0.72,0.70,0.73,0.70
Marysville-19,2019,105,49,284,90,101,283.3,41.9,0.5,1,3.153,59.64104396,0.66,0.66,0.71,0.70
Marysville-19,2019,106,49,285,180,202,304.1,41.9,0.5,1,3.427,90.59255191,0.75,0.74,0.76,0.76
Marysville-19,2019,201,50,286,120,135,351.8,41.9,0.5,2,3.075,60.93129445,0.72,0.67,0.71,0.70
Marysville-19,2019,202,50,287,180,202,334.9,41.9,0.5,1,3.346,74.5410951,0.75,0.75,0.76,0.74
Marysville-19,2019,203,50,288,0,0,232.7,41.9,0.5,1,3.596,35.40854013,0.50,0.49,0.39,0.43
Marysville-19,2019,204,50,289,90,101,281.5,41.9,0.5,1,3.749,61.60615339,0.69,0.70,0.71,0.67
Marysville-19,2019,205,50,290,210,235,317.8,41.9,0.5,1,3.079,81.47768365,0.76,0.74,0.73,0.76
Marysville-19,2019,206,50,291,150,168,295.4,41.9,0.5,1,3.243,69.19559069,0.71,0.72,0.74,0.73
Marysville-19,2019,301,51,292,0,0,216.5,41.9,0.5,1,3.221,32.78365355,0.47,0.48,0.49,0.49
Marysville-19,2019,302,51,293,150,168,300.3,41.9,0.5,1,3.233,67.10349366,0.72,0.75,0.74,0.71
Marysville-19,2019,303,51,294,120,135,294.7,41.9,0.5,1,3.906,75.13282768,0.73,0.67,0.69,0.69
Marysville-19,2019,304,51,295,210,235,332.5,41.9,0.5,1,3.329,91.13027162,0.73,0.74,0.74,0.78
Marysville-19,2019,305,51,296,180,202,321.4,41.9,0.5,1,3.313,87.72762394,0.76,0.76,0.70,0.76
Marysville-19,2019,306,51,297,90,101,281.3,41.9,0.5,1,3.919,69.43148801,0.70,0.64,0.69,0.69
Marysville-19,2019,401,52,298,0,0,180.4,41.9,0.5,1,3.665,38.67414525,0.41,0.49,0.44,0.45
Marysville-19,2019,402,52,299,210,235,290.2,41.9,0.5,1,3.976,106.2563906,0.71,0.76,0.76,0.70
Marysville-19,2019,403,52,300,120,135,277.4,41.9,0.5,1,3.156,60.75529056,0.72,0.71,0.72,0.70
Marysville-19,2019,404,52,301,150,168,307,41.9,0.5,1,3.689,86.14804513,0.72,0.68,0.71,0.75
Marysville-19,2019,405,52,302,90,101,274.7,41.9,0.5,1,3.952,57.9125515,0.69,0.68,0.65,0.69
Marysville-19,2019,406,52,303,180,202,332.1,41.9,0.5,1,3.199,74.51151406,0.69,0.68,0.74,0.76
RES-19,2019,101,53,304,90,101,222.9,41.9,0.5,1,3.407,72.67852813,0.64,n/a,0.64,n/a
RES-19,2019,102,53,305,120,135,286.4,41.9,0.5,1,3.566,75.19201263,0.65,n/a,0.70,n/a
RES-19,2019,103,53,306,180,202,291.6,41.9,0.5,1,3.212,87.45928827,0.72,n/a,0.71,n/a
RES-19,2019,104,53,307,150,168,243.1,41.9,0.5,1,3.693,92.80427948,0.65,n/a,0.60,n/a
RES-19,2019,105,53,308,210,235,236.8,41.9,0.5,1,3.643,102.8833547,0.75,n/a,0.75,n/a
RES-19,2019,106,53,309,0,0,177.1,41.9,0.5,1,3.125,39.91859311,0.34,n/a,0.34,n/a
RES-19,2019,201,54,310,120,135,257.4,41.9,0.5,1,3.811,95.31841877,0.70,n/a,0.67,n/a
RES-19,2019,202,54,311,180,202,271.5,41.9,0.5,1,3.121,91.13027162,0.68,n/a,0.72,n/a
RES-19,2019,203,54,312,150,168,248.2,41.9,0.5,1,3.561,98.04630484,0.67,n/a,0.68,n/a
RES-19,2019,204,54,313,90,101,206.4,41.9,0.5,1,3.67,85.90974792,0.64,n/a,0.60,n/a
RES-19,2019,205,54,314,210,235,261.3,41.9,0.5,1,3.325,97.56635739,0.67,n/a,0.67,n/a
RES-19,2019,206,54,315,0,0,193.5,41.9,0.5,1,3.751,59.34794882,0.39,n/a,0.46,n/a
RES-19,2019,301,55,316,180,202,261.3,41.9,0.5,1,3.04,90.53281591,0.68,n/a,0.75,n/a
RES-19,2019,302,55,317,0,0,182.6,41.9,0.5,1,3.963,60.78462322,0.40,n/a,0.44,n/a
RES-19,2019,303,55,318,120,135,259.5,41.9,0.5,1,3.496,90.86139023,0.74,n/a,0.66,n/a
RES-19,2019,304,55,319,210,235,208,41.9,0.5,1,3.901,126.3297087,0.72,n/a,0.55,n/a
RES-19,2019,305,55,320,150,168,210.7,41.9,0.5,1,3.701,108.3981098,0.73,n/a,0.65,n/a
RES-19,2019,306,55,321,90,101,204.4,41.9,0.5,1,3.71,95.07881523,0.67,n/a,0.65,n/a
RES-19,2019,401,56,322,0,0,171.9,41.9,0.5,1,3.335,59.28933618,0.28,n/a,0.34,n/a
RES-19,2019,402,56,323,150,168,247.8,41.9,0.5,1,3.005,85.07597576,0.54,n/a,0.52,n/a
RES-19,2019,403,56,324,210,235,171.2,41.9,0.5,1,3.653,114.8393549,0.65,n/a,0.57,n/a
RES-19,2019,404,56,325,90,101,203.9,41.9,0.5,1,3.316,88.14512063,0.56,n/a,0.64,n/a
RES-19,2019,405,56,326,120,135,176.3,41.9,0.5,1,3.571,104.3883499,0.60,n/a,0.60,n/a
RES-19,2019,406,56,327,180,202,182,41.9,0.5,1,3.567,115.7181984,0.59,n/a,0.58,n/a